group_id,students_cnt,min,min_preferred,max,max_preferred
87740,14,0,0,15,15
87741,14,0,0,15,15
87742,15,0,0,15,15
87744,14,0,0,15,15
87745,15,0,0,15,15
87747,15,0,0,15,15
87748,15,0,0,15,15
87749,15,0,0,15,15
87750,14,0,0,15,15
87751,15,0,0,15,15
87752,15,0,0,15,15
87753,15,0,0,15,15
87755,14,0,0,15,15
87756,15,0,0,15,15
87757,15,0,0,15,15
87758,15,0,0,15,15
87759,15,0,0,15,15
87760,15,0,0,15,15
87761,15,0,0,15,15
87762,15,0,0,15,15
87763,15,0,0,15,15
87767,15,0,0,15,15
87768,15,0,0,15,15
87769,15,0,0,15,15
87770,14,0,0,15,15
87771,15,0,0,15,15
87772,15,0,0,15,15
87773,15,0,0,15,15
87774,12,0,0,15,15
87775,14,0,0,15,15
87776,15,0,0,15,15
87777,15,0,0,15,15
87778,15,0,0,15,15
87779,15,0,0,15,15
87780,13,0,0,15,15
87781,15,0,0,15,15
87782,15,0,0,15,15
87783,15,0,0,15,15
87787,16,1,13,16,16
87791,6,2,4,6,5
87794,7,0,0,28,28
87796,7,0,0,28,28
87798,7,0,0,28,28
87800,7,0,0,28,28
87802,7,0,0,28,28
87806,9,2,9,11,11
87809,3,0,0,6,6
87812,6,0,0,6,6
87813,3,0,0,6,6
87815,6,0,0,6,6
87816,3,0,0,6,6
87820,68,12,63,77,77
87824,105,22,85,105,104
87825,74,33,72,80,80
87826,107,26,95,110,110
87827,82,21,72,82,80
87828,103,47,96,110,110
87829,105,44,99,110,110
87831,576,0,0,576,0
87833,0,0,0,16,16
87834,576,0,0,576,0
87836,0,0,0,16,16
87837,576,0,0,576,0
87839,0,0,0,16,16
87840,576,0,0,576,0
87842,0,0,0,16,16
87843,576,0,0,576,0
87845,0,0,0,16,16
87847,10,5,5,16,16
87848,14,5,5,16,16
87849,12,5,5,16,16
87850,12,5,5,16,16
87851,9,5,5,16,16
87852,16,5,5,16,16
87853,14,5,5,16,16
87854,13,0,0,16,16
87855,15,5,5,16,16
87856,16,5,5,16,16
87857,15,5,5,16,16
87858,14,5,5,16,16
87859,16,5,5,16,16
87860,12,0,0,16,16
87861,12,5,5,16,16
87862,15,5,5,16,16
87863,16,5,5,16,16
87864,11,5,5,16,16
87865,9,0,0,16,16
87866,576,0,0,576,0
87868,0,0,0,16,16
87869,576,0,0,576,0
87871,0,0,0,16,16
87872,576,0,0,576,0
87874,0,0,0,16,16
87875,576,0,0,576,0
87877,0,0,0,16,16
87879,13,5,5,16,16
87880,15,5,5,16,16
87881,12,5,5,16,16
87882,14,5,5,16,16
87883,13,5,5,16,16
87884,12,5,5,16,16
87885,10,5,5,16,16
87886,15,5,5,16,16
87887,12,5,5,16,16
87888,15,5,5,16,16
87889,12,5,5,16,16
87890,12,0,0,12,0
87891,15,0,0,15,0
87892,8,0,0,8,0
87893,11,0,0,11,0
87894,15,0,0,15,0
87895,6,0,0,6,0
87896,7,0,0,7,0
87897,12,0,0,12,0
87900,576,0,0,576,0
87902,0,0,0,16,16
87904,13,0,0,16,16
87905,12,0,0,16,16
87906,12,0,0,16,16
87907,13,0,0,16,16
87908,12,0,0,16,16
87909,13,0,0,16,16
87910,14,0,0,16,16
87911,11,0,0,16,16
87912,15,0,0,16,16
87913,16,0,0,16,16
87914,12,0,0,16,16
87915,13,0,0,16,16
87916,12,0,0,16,16
87917,14,0,0,16,16
87918,12,0,0,16,16
87919,14,0,0,16,16
87920,18,0,0,18,16
87921,16,0,0,16,16
87922,15,0,0,16,16
87923,576,0,0,576,0
87925,0,0,0,16,16
87926,576,0,0,576,0
87928,0,0,0,16,16
87936,106,40,98,110,110
87937,111,27,98,111,110
87938,109,22,99,110,110
87939,106,20,90,110,110
87940,110,42,99,110,110
87941,104,52,99,110,110
87944,14,0,0,15,15
87945,15,0,0,15,15
87946,15,0,0,15,15
87947,14,0,0,15,15
87948,13,0,0,15,15
87949,13,0,0,15,15
87950,14,0,0,15,15
87951,14,0,0,15,15
87952,15,0,0,15,15
87953,14,0,0,15,15
87954,15,0,0,15,15
87955,15,0,0,15,15
87956,15,0,0,15,15
87957,13,0,0,15,15
87958,15,0,0,15,15
87959,15,0,0,15,15
87960,15,0,0,15,15
87961,15,0,0,15,15
87962,15,0,0,15,15
87963,15,0,0,15,15
87964,14,0,0,15,15
87965,15,0,0,15,15
87966,15,0,0,15,15
87967,15,0,0,15,15
87968,15,0,0,15,15
87969,15,0,0,15,15
87970,15,0,0,15,15
87971,15,0,0,15,15
87972,15,0,0,15,15
87973,15,0,0,15,15
87974,14,0,0,15,15
87975,15,0,0,15,15
87976,14,0,0,15,15
87977,15,0,0,15,15
87978,15,0,0,15,15
87979,15,0,0,15,15
87980,15,0,0,15,15
87981,15,0,0,15,15
87982,15,0,0,15,15
87983,15,0,0,15,15
87984,15,0,0,15,15
87985,15,0,0,15,15
87986,15,0,0,15,15
87987,15,0,0,15,15
87989,12,0,0,15,15
87990,15,0,0,15,15
87991,15,0,0,15,15
87992,10,0,0,15,15
87993,14,0,0,15,15
87994,15,0,0,15,15
87995,15,0,0,15,15
87996,14,0,0,15,15
87997,14,0,0,15,15
87998,15,0,0,15,15
87999,15,0,0,15,15
88000,15,0,0,15,15
88001,15,0,0,15,15
88002,15,0,0,15,15
88003,14,0,0,15,15
88004,15,0,0,15,15
88005,15,0,0,15,15
88006,15,0,0,15,15
88007,14,0,0,15,15
88008,15,0,0,15,15
88009,15,0,0,15,15
88010,15,0,0,15,15
88011,15,0,0,15,15
88012,15,0,0,15,15
88013,15,0,0,15,15
88014,15,0,0,15,15
88015,15,0,0,15,15
88016,15,0,0,15,15
88017,15,0,0,15,15
88018,15,0,0,15,15
88019,15,0,0,15,15
88020,15,0,0,15,15
88021,15,0,0,15,15
88022,15,0,0,15,15
88023,15,0,0,15,15
88024,15,0,0,15,15
88025,15,0,0,15,15
88026,15,0,0,15,15
88027,15,0,0,15,15
88028,15,0,0,15,15
88029,14,0,0,15,15
88030,15,0,0,15,15
88031,15,0,0,15,15
88032,15,0,0,15,15
88034,15,0,0,15,15
88035,15,0,0,15,15
88036,15,0,0,15,15
88037,15,0,0,15,15
88038,15,0,0,15,15
88039,14,0,0,15,15
88040,14,0,0,15,15
88041,14,0,0,15,15
88042,15,0,0,15,15
88043,12,0,0,15,15
88044,15,0,0,15,15
88045,15,0,0,15,15
88046,15,0,0,15,15
88047,15,0,0,15,15
88048,14,0,0,15,15
88049,15,0,0,15,15
88050,15,0,0,15,15
88051,15,0,0,15,15
88052,15,0,0,15,15
88053,15,0,0,15,15
88054,13,0,0,15,15
88055,15,0,0,15,15
88056,15,0,0,15,15
88057,15,0,0,15,15
88058,15,0,0,15,15
88059,15,0,0,15,15
88060,14,0,0,15,15
88061,15,0,0,15,15
88062,15,0,0,15,15
88063,15,0,0,15,15
88064,15,0,0,15,15
88065,15,0,0,15,15
88066,15,0,0,15,15
88067,15,0,0,15,15
88068,14,0,0,15,15
88069,14,0,0,15,15
88070,15,0,0,15,15
88071,15,0,0,15,15
88072,15,0,0,15,15
88073,15,0,0,15,15
88074,15,0,0,15,15
88075,15,0,0,15,15
88076,15,0,0,15,15
88077,13,0,0,15,15
88081,15,6,12,15,15
88085,3,0,0,3,3
88086,3,0,0,3,3
88087,3,0,0,3,3
88088,3,0,0,3,3
88090,3,0,0,3,3
88091,3,0,0,3,3
88093,3,0,0,3,3
88094,3,0,0,3,3
88096,4,0,0,4,3
88097,2,0,0,3,3
88099,3,0,0,3,3
88100,3,0,0,3,3
88102,4,0,0,4,3
88103,3,0,0,3,3
88104,2,0,0,3,3
88105,3,0,0,3,3
88106,3,0,0,3,3
88108,3,0,0,3,3
88109,3,0,0,3,3
88110,3,0,0,3,3
88111,3,0,0,3,3
88116,95,24,83,100,100
88119,19,0,0,19,19
88120,19,0,0,19,19
88121,17,0,0,19,19
88122,16,0,0,19,19
88123,18,0,0,19,19
88125,16,0,0,19,19
88126,19,0,0,19,19
88127,16,0,0,19,19
88128,19,0,0,19,19
88129,19,0,0,19,19
88131,18,0,0,19,19
88132,19,0,0,19,19
88133,18,0,0,19,19
88134,18,0,0,19,19
88135,16,0,0,19,19
88137,15,0,0,19,19
88138,19,0,0,19,19
88139,17,0,0,19,19
88140,19,0,0,19,19
88141,19,0,0,19,19
88143,19,0,0,19,19
88144,18,0,0,19,19
88145,16,0,0,19,19
88146,18,0,0,19,19
88147,18,0,0,19,19
88149,18,0,0,19,19
88150,19,0,0,19,19
88151,19,0,0,19,19
88152,16,0,0,19,19
88153,17,0,0,19,19
88157,89,21,75,89,88
88158,88,22,73,88,88
88159,88,33,76,88,88
88160,73,38,69,84,84
88161,56,31,55,68,68
88164,32,0,0,32,30
88165,29,0,0,30,30
88166,31,0,0,31,30
88167,30,0,0,30,30
88168,31,0,0,31,30
88169,28,0,0,30,30
88170,29,0,0,30,30
88171,29,0,0,30,30
88172,31,0,0,31,30
88173,29,0,0,30,30
88174,31,0,0,31,30
88175,29,0,0,30,30
88176,30,0,0,30,30
88178,30,0,0,30,30
88179,31,0,0,31,30
88180,29,0,0,30,30
88181,31,0,0,31,30
88182,29,0,0,30,30
88183,30,0,0,30,30
88184,30,0,0,30,30
88185,31,0,0,31,30
88186,30,0,0,30,30
88187,30,0,0,30,30
88188,31,0,0,31,30
88189,29,0,0,30,30
88190,30,0,0,30,30
88194,117,15,106,129,129
88221,8,1,7,8,8
88224,8,0,0,20,20
88226,8,0,0,20,20
88228,8,0,0,20,20
88232,47,10,44,50,50
88241,38,4,36,45,45
88245,10,2,9,12,12
88249,29,4,27,33,33
88252,26,0,0,30,30
88254,26,0,0,30,30
88256,26,0,0,30,30
88258,26,0,0,30,30
88266,20,3,15,20,18
88273,41,5,38,47,47
88277,34,10,30,37,37
88279,34,10,30,37,37
88282,1,0,0,1,0
88283,57,18,49,60,60
88284,63,21,51,63,60
88285,60,17,49,60,60
88287,26,0,0,26,25
88288,25,0,0,25,25
88289,26,0,0,26,25
88290,26,0,0,26,25
88291,26,0,0,26,25
88292,25,0,0,25,25
88293,26,0,0,26,25
88296,1,0,0,1,0
88297,76,19,67,82,82
88298,73,24,63,77,77
88299,79,28,71,85,85
88308,36,10,29,36,36
88312,59,5,53,64,64
88316,127,32,114,127,127
88317,118,39,110,127,127
88318,112,33,108,127,127
88319,123,48,106,127,127
88320,128,50,113,128,127
88321,127,61,112,127,127
88324,10,0,0,12,12
88325,12,0,0,12,12
88326,12,0,0,12,12
88327,11,0,0,12,12
88328,12,0,0,12,12
88329,11,0,0,12,12
88330,12,0,0,12,12
88331,12,0,0,12,12
88332,12,0,0,12,12
88333,12,0,0,12,12
88334,12,0,0,12,12
88335,10,0,0,12,12
88336,13,0,0,13,12
88337,12,0,0,12,12
88338,12,0,0,12,12
88339,12,0,0,12,12
88340,12,0,0,12,12
88341,12,0,0,12,12
88342,10,0,0,12,12
88343,12,0,0,12,12
88344,11,0,0,12,12
88345,10,0,0,12,12
88346,12,0,0,12,12
88347,12,0,0,12,12
88348,12,0,0,12,12
88349,11,0,0,12,12
88350,11,0,0,12,12
88351,11,0,0,12,12
88352,12,0,0,12,12
88353,10,0,0,12,12
88354,12,0,0,12,12
88355,10,0,0,12,12
88356,10,0,0,12,12
88357,10,0,0,12,12
88358,12,0,0,12,12
88359,12,0,0,12,12
88360,11,0,0,12,12
88361,12,0,0,12,12
88362,12,0,0,12,12
88363,11,0,0,12,12
88364,12,0,0,12,12
88365,12,0,0,12,12
88366,12,0,0,12,12
88367,12,0,0,12,12
88368,12,0,0,12,12
88369,12,0,0,12,12
88370,13,0,0,13,12
88371,12,0,0,12,12
88372,12,0,0,12,12
88373,12,0,0,12,12
88374,11,0,0,12,12
88375,10,0,0,12,12
88376,11,0,0,12,12
88377,12,0,0,12,12
88378,12,0,0,12,12
88379,12,0,0,12,12
88380,12,0,0,12,12
88381,11,0,0,12,12
88382,10,0,0,12,12
88383,12,0,0,12,12
88384,8,0,0,12,12
88385,11,0,0,12,12
88386,11,0,0,12,12
88387,12,0,0,12,12
88389,12,0,0,12,12
88390,12,0,0,12,12
88391,12,0,0,12,12
88392,12,0,0,12,12
88393,12,0,0,12,12
88394,12,0,0,12,12
88395,12,0,0,12,12
88396,12,0,0,12,12
88397,11,0,0,12,12
88398,12,0,0,12,12
88399,10,0,0,12,12
88400,11,0,0,12,12
88401,12,0,0,12,12
88402,12,0,0,12,12
88403,12,0,0,12,12
88404,12,0,0,12,12
88405,12,0,0,12,12
88406,12,0,0,12,12
88407,10,0,0,12,12
88408,12,0,0,12,12
88409,12,0,0,12,12
88410,11,0,0,12,12
88411,13,0,0,13,12
88412,12,0,0,12,12
88413,12,0,0,12,12
88414,12,0,0,12,12
88415,11,0,0,12,12
88416,12,0,0,12,12
88417,12,0,0,12,12
88418,12,0,0,12,12
88419,12,0,0,12,12
88420,11,0,0,12,12
88421,12,0,0,12,12
88422,11,0,0,12,12
88423,12,0,0,12,12
88424,12,0,0,12,12
88425,10,0,0,12,12
88426,8,0,0,12,12
88427,11,0,0,12,12
88428,12,0,0,12,12
88429,12,0,0,12,12
88430,12,0,0,12,12
88431,12,0,0,12,12
88432,12,0,0,12,12
88433,12,0,0,12,12
88434,12,0,0,12,12
88435,12,0,0,12,12
88436,12,0,0,12,12
88437,12,0,0,12,12
88438,12,0,0,12,12
88439,6,0,0,12,12
88440,9,0,0,12,12
88441,9,0,0,12,12
88442,8,0,0,12,12
88443,11,0,0,12,12
88444,12,0,0,12,12
88445,11,0,0,12,12
88446,11,0,0,12,12
88447,12,0,0,12,12
88448,12,0,0,12,12
88449,11,0,0,12,12
88450,12,0,0,12,12
88451,13,0,0,13,12
88452,12,0,0,12,12
88454,11,0,0,12,12
88455,12,0,0,12,12
88456,10,0,0,12,12
88457,10,0,0,12,12
88458,11,0,0,12,12
88459,11,0,0,12,12
88460,12,0,0,12,12
88461,12,0,0,12,12
88462,12,0,0,12,12
88463,12,0,0,12,12
88464,11,0,0,12,12
88465,11,0,0,12,12
88466,12,0,0,12,12
88467,12,0,0,12,12
88468,12,0,0,12,12
88469,12,0,0,12,12
88470,12,0,0,12,12
88472,12,0,0,12,12
88473,12,0,0,12,12
88474,13,0,0,13,12
88475,11,0,0,12,12
88476,12,0,0,12,12
88477,12,0,0,12,12
88478,8,0,0,12,12
88479,12,0,0,12,12
88480,12,0,0,12,12
88481,12,0,0,12,12
88482,12,0,0,12,12
88483,12,0,0,12,12
88484,11,0,0,12,12
88485,12,0,0,12,12
88486,11,0,0,12,12
88487,12,0,0,12,12
88488,12,0,0,12,12
88489,12,0,0,12,12
88490,12,0,0,12,12
88491,12,0,0,12,12
88492,12,0,0,12,12
88493,11,0,0,12,12
88494,12,0,0,12,12
88495,12,0,0,12,12
88496,12,0,0,12,12
88497,11,0,0,12,12
88498,6,0,0,12,12
88499,5,0,0,12,12
88500,11,0,0,12,12
88501,12,0,0,12,12
88502,12,0,0,12,12
88503,12,0,0,12,12
88504,12,0,0,12,12
88505,12,0,0,12,12
88506,12,0,0,12,12
88507,11,0,0,12,12
88508,12,0,0,12,12
88509,12,0,0,12,12
88510,11,0,0,12,12
88511,12,0,0,12,12
88512,12,0,0,12,12
88513,11,0,0,12,12
88514,12,0,0,12,12
88515,12,0,0,12,12
88516,12,0,0,12,12
88517,11,0,0,12,12
88521,79,6,70,85,85
88524,8,0,0,8,8
88526,6,0,0,8,8
88529,4,0,0,8,8
88530,6,0,0,8,8
88536,5,0,0,8,8
88541,59,7,54,60,60
88545,166,31,152,185,185
88547,1,0,0,1,0
88548,75,0,0,90,90
88549,81,0,0,90,90
88550,1,0,0,1,0
88551,83,0,0,90,90
88552,76,0,0,90,90
88553,1,0,0,1,0
88554,87,0,0,90,90
88555,69,0,0,90,90
88561,10,3,9,11,11
88570,62,5,53,64,64
88574,17,3,13,17,16
88576,15,0,0,20,20
88580,61,22,50,61,61
88582,19,0,0,20,20
88583,18,0,0,20,20
88584,20,0,0,20,20
88588,31,4,28,35,35
88592,19,2,20,25,25
88596,132,54,130,172,172
88597,172,47,130,172,172
88598,172,46,130,172,172
88599,174,75,130,174,172
88603,83,10,70,83,80
88607,140,67,126,155,155
88610,13,0,0,18,18
88611,14,0,0,18,18
88612,18,0,0,18,18
88613,10,0,0,18,18
88614,17,0,0,18,18
88615,17,0,0,18,18
88616,18,0,0,18,18
88617,18,0,0,18,18
88618,15,0,0,18,18
88620,14,0,0,18,18
88621,15,0,0,18,18
88622,14,0,0,18,18
88623,13,0,0,18,18
88624,14,0,0,18,18
88625,18,0,0,18,18
88626,18,0,0,18,18
88627,17,0,0,18,18
88628,17,0,0,18,18
88630,18,0,0,20,20
88631,20,0,0,20,20
88632,19,0,0,20,20
88633,18,0,0,20,20
88634,18,0,0,20,20
88635,20,0,0,20,20
88636,18,0,0,20,20
88637,9,0,0,9,5
88638,8,0,0,8,4
88640,16,0,0,18,18
88641,16,0,0,18,18
88642,17,0,0,18,18
88643,15,0,0,18,18
88644,14,0,0,18,18
88645,15,0,0,18,18
88646,16,0,0,18,18
88647,17,0,0,18,18
88648,14,0,0,18,18
88654,17,4,14,17,17
88658,9,5,7,9,8
88661,8,0,0,25,25
88663,8,0,0,25,25
88665,8,0,0,25,25
88667,8,0,0,25,25
88688,45,3,40,49,49
88691,23,0,0,60,60
88693,23,0,0,60,60
88695,22,0,0,60,60
88697,23,0,0,60,60
88699,23,0,0,60,60
88701,23,0,0,60,60
88703,23,0,0,60,60
88705,23,0,0,60,60
88709,11,2,10,13,13
88718,11,0,0,12,12
88724,0,0,0,8,8
88725,5,0,0,8,8
88726,6,0,0,8,8
88731,11,0,0,12,12
88740,35,5,34,41,41
88743,11,0,0,15,15
88744,14,0,0,15,15
88745,10,0,0,15,15
88747,13,0,0,15,15
88748,12,0,0,15,15
88749,10,0,0,15,15
88751,16,2,14,20,20
88752,19,2,14,20,20
88753,1,0,0,15,15
88755,9,0,0,15,15
88756,12,0,0,15,15
88757,14,0,0,15,15
88759,14,0,0,15,15
88760,11,0,0,15,15
88761,10,0,0,15,15
88763,16,0,0,16,16
88764,16,0,0,16,16
88765,1,0,0,15,15
88767,13,0,0,15,15
88768,11,0,0,15,15
88769,11,0,0,15,15
88771,12,0,0,15,15
88772,11,0,0,15,15
88773,12,0,0,15,15
88776,11,0,0,15,15
88777,14,0,0,15,15
88779,16,0,0,16,16
88780,1,0,0,15,15
88781,16,0,0,16,16
88783,11,0,0,15,15
88784,14,0,0,15,15
88789,43,10,40,49,49
88792,9,0,0,10,10
88793,9,0,0,10,10
88794,8,0,0,10,10
88795,8,0,0,10,10
88796,9,0,0,10,10
88798,6,0,0,10,10
88799,10,0,0,10,10
88800,9,0,0,10,10
88801,9,0,0,10,10
88802,9,0,0,10,10
88804,7,0,0,9,9
88805,9,0,0,9,9
88806,9,0,0,9,9
88807,9,0,0,9,9
88809,4,0,0,9,9
88811,19,8,15,28,28
88812,24,2,15,28,28
88813,1,0,0,1,0
88816,5,4,4,6,6
88817,5,1,4,6,6
88818,4,1,4,6,6
88823,4,0,0,6,6
88824,6,0,0,6,6
88825,6,0,0,6,6
88826,6,0,0,6,6
88827,6,0,0,6,6
88828,6,0,0,6,6
88830,5,0,0,6,6
88832,6,0,0,6,6
88833,5,0,0,6,6
88834,5,0,0,6,6
88835,5,0,0,6,6
88836,6,0,0,6,6
88837,4,0,0,6,6
88839,6,0,0,6,6
88841,6,0,0,6,6
88842,6,0,0,6,6
88843,6,0,0,6,6
88844,5,0,0,6,6
88845,4,0,0,6,6
88846,4,0,0,6,6
88847,6,0,0,6,6
88852,44,5,39,48,48
88860,35,8,28,35,35
88864,77,12,72,87,87
88868,25,3,24,29,29
88871,25,0,0,27,27
88873,25,0,0,27,27
88875,25,0,0,27,27
88877,25,0,0,27,27
88879,25,0,0,27,27
88881,25,0,0,27,27
88883,25,0,0,27,27
88885,25,0,0,27,27
88887,25,0,0,27,27
88889,25,0,0,27,27
88891,25,0,0,27,27
88893,25,0,0,27,27
88895,25,0,0,27,27
88903,104,23,95,110,110
88910,46,0,0,46,0
88911,210,68,176,215,215
88912,213,65,193,215,215
88913,166,61,150,183,183
88916,27,0,0,27,22
88917,21,0,0,22,22
88918,23,0,0,23,22
88919,22,0,0,22,22
88920,29,0,0,29,22
88921,32,0,0,32,22
88922,23,0,0,23,22
88923,21,0,0,22,22
88924,22,0,0,22,22
88925,22,0,0,22,22
88927,29,0,0,29,22
88928,22,0,0,22,22
88929,31,0,0,31,22
88930,23,0,0,23,22
88931,22,0,0,22,22
88932,32,0,0,32,22
88933,22,0,0,22,22
88934,22,0,0,22,22
88935,22,0,0,22,22
88936,22,0,0,22,22
88938,16,0,0,16,16
88939,15,0,0,16,16
88940,15,0,0,16,16
88941,16,0,0,16,16
88942,16,0,0,16,16
88943,16,0,0,16,16
88944,16,0,0,16,16
88945,17,0,0,17,16
88946,16,0,0,16,16
88947,18,0,0,18,16
88948,16,0,0,16,16
88949,16,0,0,16,16
88950,15,0,0,16,16
88951,16,0,0,16,16
88952,16,0,0,16,16
88953,16,0,0,16,16
88954,16,0,0,16,16
88955,16,0,0,16,16
88956,16,0,0,16,16
88957,16,0,0,16,16
88959,35,0,0,35,22
88960,21,0,0,22,22
88961,23,0,0,23,22
88962,20,0,0,22,22
88963,27,0,0,27,22
88964,31,0,0,31,22
88965,23,0,0,23,22
88966,22,0,0,22,22
88967,23,0,0,23,22
88968,24,0,0,24,22
88973,5,0,0,5,0
88974,109,23,110,120,120
88975,123,28,110,123,120
88976,125,24,110,125,120
88977,113,43,110,120,120
88978,103,54,90,103,100
88979,98,44,110,120,120
88988,7,2,7,8,8
88992,11,2,9,11,11
88994,10,0,0,12,12
89002,12,3,9,12,12
89008,27,15,22,27,27
89011,13,0,0,13,13
89012,14,0,0,14,13
89014,13,0,0,13,13
89015,14,0,0,14,13
89017,13,0,0,13,13
89018,14,0,0,14,13
89022,120,22,104,120,120
89023,100,11,87,100,100
89024,119,23,108,120,120
89025,112,33,97,118,118
89026,104,50,105,120,120
89027,109,38,102,120,120
89031,18,4,18,22,22
89034,19,0,0,30,30
89036,20,0,0,30,30
89038,20,0,0,30,30
89040,19,0,0,30,30
89044,32,5,27,34,34
89046,16,0,0,18,18
89047,16,0,0,18,18
89066,122,23,112,125,125
89068,122,23,112,125,125
89070,123,0,0,123,0
89071,0,0,0,0,0
89072,0,0,0,0,0
89073,123,0,0,123,0
89074,0,0,0,0,0
89075,0,0,0,0,0
89076,123,0,0,123,0
89077,0,0,0,0,0
89078,0,0,0,0,0
89079,123,0,0,123,0
89080,0,0,0,0,0
89081,0,0,0,0,0
89082,123,0,0,123,0
89083,0,0,0,0,0
89084,0,0,0,0,0
89088,50,3,45,55,55
89097,85,16,76,86,86
89105,17,5,16,19,19
89108,16,0,0,30,30
89110,16,0,0,30,30
89112,16,0,0,30,30
89114,16,0,0,30,30
89118,49,15,44,53,53
89122,13,5,10,18,18
89123,13,4,10,18,18
89124,18,4,10,18,18
89126,1,0,0,1,0
89128,12,6,12,16,16
89129,16,2,12,16,16
89130,16,5,12,16,16
89132,17,6,12,18,18
89133,13,1,8,16,16
89135,14,3,12,18,18
89137,16,4,12,16,16
89138,12,2,12,16,16
89139,16,4,12,16,16
89141,1,0,0,1,0
89143,13,4,12,18,18
89144,14,3,12,18,18
89145,17,6,12,18,18
89146,1,0,0,1,0
89147,15,2,12,16,16
89148,13,3,12,16,16
89150,15,6,12,16,16
89154,10,4,9,11,11
89157,5,0,0,12,12
89159,4,0,0,12,12
89161,11,0,0,12,12
89170,12,1,11,14,14
89174,123,61,113,130,130
89177,16,0,0,16,16
89178,12,0,0,16,16
89179,15,0,0,16,16
89180,16,0,0,16,16
89181,16,0,0,16,16
89182,16,0,0,16,16
89183,16,0,0,16,16
89184,16,0,0,16,16
89186,14,0,0,16,16
89187,15,0,0,16,16
89188,16,0,0,16,16
89189,16,0,0,16,16
89190,16,0,0,16,16
89191,16,0,0,16,16
89192,16,0,0,16,16
89193,14,0,0,16,16
89195,16,0,0,16,16
89196,14,0,0,16,16
89197,14,0,0,16,16
89198,15,0,0,16,16
89199,16,0,0,16,16
89200,16,0,0,16,16
89201,16,0,0,16,16
89202,16,0,0,16,16
89204,15,0,0,16,16
89205,15,0,0,16,16
89206,16,0,0,16,16
89207,16,0,0,16,16
89208,14,0,0,16,16
89209,15,0,0,16,16
89210,16,0,0,16,16
89211,16,0,0,16,16
89220,70,23,60,73,73
89223,18,5,16,18,18
89224,17,4,16,18,18
89225,17,6,16,18,18
89226,18,8,16,18,18
89228,18,0,0,18,18
89229,17,0,0,18,18
89230,18,0,0,18,18
89231,17,0,0,18,18
89233,16,0,0,18,18
89234,18,0,0,18,18
89235,18,0,0,18,18
89236,18,0,0,18,18
89238,18,0,0,18,18
89239,18,0,0,18,18
89240,16,0,0,18,18
89241,18,0,0,18,18
89243,16,5,16,18,18
89244,18,6,16,18,18
89245,18,6,16,18,18
89246,18,6,16,18,18
89250,26,8,19,26,24
89252,2,0,0,2,0
89253,8,0,0,8,8
89254,4,0,0,8,8
89255,3,0,0,8,8
89257,14,0,0,24,24
89258,2,0,0,2,0
89259,1,0,0,8,8
89260,4,0,0,8,8
89261,2,0,0,8,8
89263,14,0,0,24,24
89264,2,0,0,2,0
89265,4,0,0,8,8
89266,5,0,0,8,8
89267,8,0,0,8,8
89271,41,5,35,42,42
89276,16,2,15,18,18
89279,15,0,0,32,32
89281,15,0,0,32,32
89283,15,0,0,32,32
89285,15,0,0,32,32
89287,15,0,0,32,32
89289,15,0,0,32,32
89293,41,20,36,44,44
89297,122,20,111,136,136
89300,13,0,0,16,16
89301,14,0,0,16,16
89302,13,0,0,16,16
89303,16,0,0,16,16
89304,16,0,0,16,16
89305,16,0,0,16,16
89306,17,0,0,17,16
89307,17,0,0,17,16
89309,15,0,0,16,16
89310,15,0,0,16,16
89311,12,0,0,16,16
89312,14,0,0,16,16
89313,16,0,0,16,16
89314,16,0,0,16,16
89315,17,0,0,17,16
89316,17,0,0,17,16
89318,12,0,0,16,16
89319,16,0,0,16,16
89321,17,0,0,17,16
89322,12,0,0,16,16
89323,17,0,0,17,16
89324,17,0,0,17,16
89325,16,0,0,16,16
89327,2,0,0,16,16
89328,2,0,0,16,16
89329,14,0,0,16,16
89330,3,0,0,16,16
89331,19,0,0,19,16
89332,8,0,0,16,16
89333,0,0,0,16,16
89334,4,0,0,16,16
89338,9,1,8,9,9
89342,6,1,6,7,7
89355,77,29,68,83,83
89366,48,13,42,51,51
89368,1,0,0,1,0
89369,17,0,0,30,30
89370,16,0,0,30,30
89372,17,0,0,30,30
89373,16,0,0,30,30
89374,1,0,0,1,0
89375,13,0,0,30,30
89376,13,0,0,30,30
89377,1,0,0,1,0
89378,13,0,0,30,30
89379,12,0,0,30,30
89380,1,0,0,1,0
89381,13,0,0,30,30
89382,13,0,0,30,30
89384,12,0,0,30,30
89385,13,0,0,30,30
89386,1,0,0,1,0
89387,12,0,0,30,30
89388,13,0,0,30,30
89390,12,0,0,30,30
89391,13,0,0,30,30
89393,17,0,0,30,30
89394,16,0,0,30,30
89395,1,0,0,1,0
89396,16,0,0,30,30
89397,17,0,0,30,30
89398,1,0,0,1,0
89399,11,0,0,30,30
89400,13,0,0,30,30
89401,1,0,0,1,0
89402,13,0,0,30,30
89403,13,0,0,30,30
89407,38,13,33,40,40
89411,39,7,34,41,41
89413,39,7,34,41,41
89419,13,3,12,15,15
89429,11,2,10,13,13
89431,1,0,0,1,0
89432,5,0,0,8,8
89434,1,0,0,1,0
89435,6,0,0,8,8
89437,1,0,0,1,0
89439,5,0,0,8,8
89440,1,0,0,1,0
89441,6,0,0,8,8
89443,1,0,0,1,0
89445,6,0,0,8,8
89446,1,0,0,1,0
89448,5,0,0,8,8
89449,1,0,0,1,0
89451,0,0,0,8,8
89452,1,0,0,1,0
89454,6,0,0,8,8
89455,1,0,0,1,0
89456,5,0,0,8,8
89458,1,0,0,1,0
89460,5,0,0,8,8
89461,1,0,0,1,0
89462,6,0,0,8,8
89464,1,0,0,1,0
89466,5,0,0,8,8
89467,10,0,0,10,0
89469,1,0,0,8,8
89473,13,5,13,16,16
89476,7,0,0,15,15
89478,7,0,0,15,15
89480,7,0,0,15,15
89482,7,0,0,15,15
89486,24,10,21,26,26
89490,6,0,0,6,6
89492,6,0,0,6,6
89493,6,0,0,6,6
89494,5,0,0,6,6
89496,5,0,0,6,6
89497,4,0,0,6,6
89498,5,0,0,6,6
89500,4,0,0,6,6
89503,4,0,0,6,6
89504,5,0,0,6,6
89505,5,0,0,6,6
89506,4,0,0,6,6
89508,4,0,0,6,6
89509,4,0,0,6,6
89510,4,0,0,6,6
89511,5,0,0,6,6
89512,6,0,0,6,6
89514,5,0,0,6,6
89515,4,0,0,6,6
89516,5,0,0,6,6
89517,5,0,0,6,6
89518,4,0,0,6,6
89520,5,0,0,6,6
89521,5,0,0,6,6
89522,5,0,0,6,6
89523,4,0,0,6,6
89524,5,0,0,6,6
89539,103,11,95,110,110
89542,11,0,0,14,14
89543,13,0,0,14,14
89544,13,0,0,14,14
89545,14,0,0,14,14
89546,12,0,0,14,14
89547,14,0,0,14,14
89548,13,0,0,14,14
89549,13,0,0,14,14
89552,13,0,0,14,14
89553,13,0,0,14,14
89554,13,0,0,14,14
89555,13,0,0,14,14
89556,13,0,0,14,14
89557,13,0,0,14,14
89558,12,0,0,14,14
89560,11,0,0,14,14
89561,13,0,0,14,14
89562,14,0,0,14,14
89563,14,0,0,14,14
89564,11,0,0,14,14
89565,12,0,0,14,14
89566,14,0,0,14,14
89569,14,0,0,14,14
89570,14,0,0,14,14
89571,14,0,0,14,14
89572,14,0,0,14,14
89573,0,0,0,14,14
89574,14,0,0,14,14
89575,14,0,0,14,14
89576,15,0,0,15,15
89590,34,4,33,40,40
89593,16,0,0,20,20
89594,18,0,0,20,20
89596,16,0,0,20,20
89597,18,0,0,20,20
89599,16,0,0,20,20
89600,18,0,0,20,20
89602,15,0,0,20,20
89603,19,0,0,20,20
89611,24,2,18,24,22
89615,35,1,29,36,36
89619,49,20,43,52,52
89622,19,0,0,19,19
89623,12,0,0,19,19
89624,20,0,0,20,19
89626,19,0,0,19,19
89627,16,0,0,19,19
89628,15,0,0,19,19
89630,19,0,0,19,19
89631,22,0,0,22,19
89632,11,0,0,19,19
89636,73,20,60,73,73
89639,74,0,0,74,72
89641,15,0,0,16,16
89642,14,0,0,16,16
89643,15,0,0,16,16
89644,15,0,0,16,16
89645,15,0,0,16,16
89647,74,0,0,74,72
89649,26,0,0,26,24
89650,24,0,0,24,24
89651,24,0,0,24,24
89653,74,0,0,74,72
89655,24,0,0,24,24
89656,26,0,0,26,24
89657,24,0,0,24,24
89659,74,0,0,74,72
89661,74,0,0,74,72
89663,74,0,0,74,72
89665,25,0,0,25,24
89666,25,0,0,25,24
89667,24,0,0,24,24
89679,62,15,54,67,67
89682,17,0,0,62,62
89684,17,0,0,62,62
89686,17,0,0,62,62
89688,17,0,0,62,62
89690,17,0,0,62,62
89692,17,0,0,62,62
89700,87,12,78,95,95
89704,124,35,108,124,120
89705,123,48,108,123,120
89706,121,44,104,121,120
89707,122,27,108,122,120
89708,111,49,97,118,118
89710,22,0,0,999,999
89713,26,0,0,30,30
89714,25,0,0,30,30
89715,26,0,0,30,30
89716,27,0,0,30,30
89717,26,0,0,30,30
89718,27,0,0,30,30
89719,25,0,0,30,30
89720,27,0,0,30,30
89721,28,0,0,30,30
89722,30,0,0,30,30
89723,21,0,0,30,30
89724,28,0,0,30,30
89725,28,0,0,30,30
89726,30,0,0,30,30
89727,29,0,0,30,30
89728,27,0,0,30,30
89729,30,0,0,30,30
89730,24,0,0,30,30
89731,27,0,0,30,30
89732,29,0,0,30,30
89734,27,0,0,30,30
89735,18,0,0,30,30
89736,28,0,0,30,30
89737,30,0,0,30,30
89738,20,0,0,30,30
89739,28,0,0,30,30
89740,27,0,0,30,30
89741,27,0,0,30,30
89742,21,0,0,30,30
89743,28,0,0,30,30
89744,30,0,0,30,30
89745,30,0,0,30,30
89746,30,0,0,30,30
89747,30,0,0,30,30
89748,28,0,0,30,30
89749,22,0,0,30,30
89750,28,0,0,30,30
89751,30,0,0,30,30
89752,28,0,0,30,30
89753,30,0,0,30,30
89755,26,0,0,30,30
89756,22,0,0,30,30
89757,30,0,0,30,30
89758,29,0,0,30,30
89759,30,0,0,30,30
89760,30,0,0,30,30
89761,30,0,0,30,30
89762,30,0,0,30,30
89763,24,0,0,30,30
89764,30,0,0,30,30
89765,30,0,0,30,30
89766,30,0,0,30,30
89767,30,0,0,30,30
89768,21,0,0,30,30
89769,27,0,0,30,30
89770,23,0,0,30,30
89771,23,0,0,30,30
89772,21,0,0,30,30
89773,25,0,0,30,30
89774,29,0,0,30,30
89778,150,62,123,150,150
89779,89,48,90,110,110
89782,15,0,0,19,19
89783,15,0,0,19,19
89784,20,0,0,20,19
89785,19,0,0,19,19
89786,19,0,0,19,19
89787,19,0,0,19,19
89788,19,0,0,19,19
89789,19,0,0,19,19
89790,19,0,0,19,19
89791,19,0,0,19,19
89792,19,0,0,19,19
89793,19,0,0,19,19
89794,19,0,0,19,19
89796,18,0,0,19,19
89797,19,0,0,19,19
89798,19,0,0,19,19
89799,18,0,0,19,19
89800,18,0,0,19,19
89801,18,0,0,19,19
89802,16,0,0,19,19
89803,19,0,0,19,19
89804,19,0,0,19,19
89805,19,0,0,19,19
89806,19,0,0,19,19
89807,18,0,0,19,19
89808,19,0,0,19,19
89810,19,0,0,19,19
89811,19,0,0,19,19
89812,19,0,0,19,19
89813,19,0,0,19,19
89814,19,0,0,19,19
89815,20,0,0,20,19
89816,19,0,0,19,19
89817,18,0,0,19,19
89818,18,0,0,19,19
89819,19,0,0,19,19
89820,19,0,0,19,19
89821,17,0,0,19,19
89822,14,0,0,19,19
89830,33,3,29,36,36
89843,23,2,22,27,27
89847,35,4,31,38,38
89850,34,0,0,50,50
89852,34,0,0,50,50
89854,34,0,0,50,50
89856,34,0,0,50,50
89858,34,0,0,50,50
89860,34,0,0,50,50
89864,52,3,46,57,57
89868,95,16,93,110,110
89872,43,10,39,48,48
89880,18,2,13,18,16
89884,4,2,4,5,5
89887,2,0,0,4,4
89891,3,0,0,4,4
89893,3,0,0,4,4
89894,2,0,0,4,4
89896,3,0,0,4,4
89897,2,0,0,4,4
89900,2,0,0,2,0
89901,131,41,115,131,130
89902,131,50,113,131,130
89903,131,49,108,131,130
89904,121,48,116,130,130
89908,16,4,16,19,19
89912,94,37,81,100,100
89915,24,0,0,30,30
89916,19,0,0,30,30
89917,25,0,0,30,30
89918,22,0,0,30,30
89920,21,0,0,30,30
89921,23,0,0,30,30
89922,23,0,0,30,30
89923,24,0,0,30,30
89925,23,0,0,30,30
89926,29,0,0,30,30
89927,20,0,0,30,30
89928,17,0,0,30,30
89947,1,0,0,1,0
89948,27,0,0,80,80
89949,108,0,0,151,151
89952,17,0,0,31,31
89953,9,0,0,31,31
89954,15,0,0,31,31
89955,15,0,0,31,31
89956,12,0,0,31,31
89958,16,0,0,31,31
89959,11,0,0,31,31
89960,12,0,0,31,31
89961,12,0,0,31,31
89962,17,0,0,31,31
89964,16,0,0,20,20
89965,20,0,0,20,20
89966,20,0,0,20,20
89967,12,0,0,31,31
89968,10,0,0,31,31
89970,20,0,0,20,20
89971,20,0,0,20,20
89972,18,0,0,31,31
89973,18,0,0,31,31
89974,20,0,0,31,31
89984,60,18,45,60,56
89987,18,0,0,21,21
89988,21,0,0,21,21
89989,21,0,0,21,21
89991,21,0,0,21,21
89992,19,0,0,21,21
89993,20,0,0,21,21
89995,21,0,0,21,21
89996,21,0,0,21,21
89997,20,0,0,21,21
89999,21,0,0,21,21
90000,21,0,0,21,21
90001,20,0,0,21,21
90003,29,8,25,40,40
90004,33,7,25,40,40
90005,5,0,0,5,0
90007,29,7,25,40,40
90008,33,5,25,40,40
90009,8,0,0,8,0
90012,5,0,0,5,0
90013,90,18,80,90,86
90014,72,32,69,86,86
90015,84,29,80,86,86
90016,82,36,80,86,86
90017,123,34,110,123,120
90020,30,0,0,30,30
90021,30,0,0,30,30
90022,30,0,0,30,30
90023,30,0,0,30,30
90024,28,0,0,30,30
90025,30,0,0,30,30
90026,30,0,0,30,30
90027,30,0,0,30,30
90028,30,0,0,30,30
90029,30,0,0,30,30
90030,30,0,0,30,30
90031,26,0,0,30,30
90032,29,0,0,30,30
90033,30,0,0,30,30
90034,30,0,0,30,30
90036,30,0,0,30,30
90037,30,0,0,30,30
90038,30,0,0,30,30
90039,29,0,0,30,30
90040,28,0,0,30,30
90041,30,0,0,30,30
90042,30,0,0,30,30
90043,30,0,0,30,30
90044,28,0,0,30,30
90045,30,0,0,30,30
90046,30,0,0,30,30
90047,29,0,0,30,30
90048,30,0,0,30,30
90049,29,0,0,30,30
90050,30,0,0,30,30
90052,30,0,0,30,30
90053,30,0,0,30,30
90054,30,0,0,30,30
90055,30,0,0,30,30
90056,29,0,0,30,30
90057,30,0,0,30,30
90058,30,0,0,30,30
90059,30,0,0,30,30
90060,29,0,0,30,30
90061,30,0,0,30,30
90062,30,0,0,30,30
90063,29,0,0,30,30
90064,30,0,0,30,30
90065,30,0,0,30,30
90066,26,0,0,30,30
90068,24,0,0,30,30
90069,30,0,0,30,30
90070,30,0,0,30,30
90071,30,0,0,30,30
90072,30,0,0,30,30
90073,30,0,0,30,30
90074,30,0,0,30,30
90075,30,0,0,30,30
90076,30,0,0,30,30
90077,30,0,0,30,30
90078,30,0,0,30,30
90079,30,0,0,30,30
90080,30,0,0,30,30
90081,29,0,0,30,30
90082,30,0,0,30,30
90084,30,0,0,30,30
90085,30,0,0,30,30
90086,30,0,0,30,30
90087,30,0,0,30,30
90088,30,0,0,30,30
90089,29,0,0,30,30
90090,28,0,0,30,30
90091,30,0,0,30,30
90092,30,0,0,30,30
90093,30,0,0,30,30
90094,30,0,0,30,30
90095,30,0,0,30,30
90096,29,0,0,30,30
90097,30,0,0,30,30
90098,27,0,0,30,30
90100,30,0,0,30,30
90101,30,0,0,30,30
90102,29,0,0,30,30
90103,29,0,0,30,30
90104,30,0,0,30,30
90105,30,0,0,30,30
90106,25,0,0,30,30
90107,30,0,0,30,30
90108,30,0,0,30,30
90109,30,0,0,30,30
90110,30,0,0,30,30
90111,30,0,0,30,30
90112,30,0,0,30,30
90113,30,0,0,30,30
90114,30,0,0,30,30
90116,26,0,0,30,30
90117,30,0,0,30,30
90118,30,0,0,30,30
90119,30,0,0,30,30
90120,30,0,0,30,30
90121,30,0,0,30,30
90122,30,0,0,30,30
90123,30,0,0,30,30
90124,30,0,0,30,30
90125,30,0,0,30,30
90126,29,0,0,30,30
90127,29,0,0,30,30
90128,29,0,0,30,30
90129,30,0,0,30,30
90130,30,0,0,30,30
90132,30,0,0,30,30
90133,30,0,0,30,30
90134,30,0,0,30,30
90135,30,0,0,30,30
90136,30,0,0,30,30
90137,26,0,0,30,30
90138,30,0,0,30,30
90139,30,0,0,30,30
90140,29,0,0,30,30
90141,30,0,0,30,30
90142,30,0,0,30,30
90143,30,0,0,30,30
90144,30,0,0,30,30
90145,30,0,0,30,30
90146,28,0,0,30,30
90150,52,10,41,52,50
90152,18,5,14,18,18
90153,18,3,14,18,18
90154,17,2,14,18,18
90158,17,4,18,23,23
90162,174,26,155,180,180
90170,13,2,11,14,14
90178,42,17,33,42,40
90181,15,0,0,15,14
90182,14,0,0,14,14
90183,14,0,0,14,14
90185,14,0,0,14,14
90186,15,0,0,15,14
90187,14,0,0,14,14
90189,14,0,0,14,14
90190,14,0,0,14,14
90191,15,0,0,15,14
90193,40,0,0,42,42
90196,13,0,0,13,0
90197,91,37,90,105,105
90198,121,34,100,121,120
90199,129,29,100,129,120
90200,105,31,100,120,120
90201,111,42,90,111,105
90202,111,47,90,111,105
91248,2,0,0,2,0
91269,193,0,0,2000,2000
91306,15,0,0,15,0
91392,31,0,0,31,0
91412,24,0,0,24,0
91417,2,0,0,2,0
91507,206,0,0,206,0
91594,3,0,0,3,0
91603,15,0,0,15,0
91633,4,0,0,4,0
91673,3,0,0,3,0
91693,13,0,0,13,0
91768,20,0,0,20,0
91788,4,0,0,4,0
91794,20,0,0,20,0
91808,205,0,0,205,0
91811,111,0,0,111,0
91815,12,0,0,12,0
91847,3,0,0,3,0
91854,16,0,0,16,0
91955,123,0,0,150,150
